resolution,duration_seconds,content_parent_category,content_fine_category,youtube_title,youtube_description,youtube_tags,youtube_categories,youtube_channel,youtube_view_count,youtube_like_count,youtube_comment_count,youtube_channel_follower_count,youtube_upload_date,youtube_age_limit,youtube_thumbnail_url,sector
640x360,208,Education,Engineering Projects,Training Heavy Equipment Operators,"WorkBC has developed a Heavy Equipment Operator training course with the Southern Interior Construction Association to provide skills training opportunities in the Okanagan.

Read more: https://news.gov.bc.ca/releases/2016SDSI0016-000673","['Province of BC', 'British Columbia', 'Heavy equipment', 'construction', 'bulldozer', 'excavator', 'front loader', 'skills training', 'skills upgrade', 'skills']",['News & Politics'],GovernmentofBC,89462,555,0,34800,20160511,0,,Education
270x480,60,Education,Documentaries,Flashback to when Paul Stamets found Agarikon in the Old Growth Forest!,"Circa 2008.

Filmed by Dusty Yao

#agarikon #paulstamets #mushroomeducation #shorts","['agarikon', 'oldgrowthforest', 'paulstamets', 'shorts']",['Science & Technology'],Fungi Perfecti,367949,19411,587,159000,20221208,0,,Education
640x360,420,Education,Cultural Explainers,10 Reasons Why Australia Is The Best Country In The World,"#Geography

More fun geography videos:

100 Extraordinary Geography Facts:
https://youtu.be/-BnuqQOSKyM

40 Random Ridiculous Geography Facts:
https://youtu.be/f3EaUsEFsBA

30 Geography Facts Most People Get Wrong:
https://youtu.be/Gb7avAElTNo

üåéSubscribe to The Geography Bible to learn more about countries, geography and cities from around the world!","['australia', 'best country', 'canada vs australia', 'best country in the world', 'australia best country', 'what is the best country', 'best places to live in australia', 'australia is the best country in the world', 'why australia is best country in the world', 'australia vs canada', 'why australia is the best country in the world', 'australia country', 'uk vs australia', 'australia facts', 'best cities in australia', 'why australia is best', 'australia best place', 'australians best', 'oz', 'aus best country', 'aussie']",['Travel & Events'],The Geography Bible,114927,3067,866,164000,20210511,0,,Education
640x360,186,Education,Software Tutorials,How to Install Ring Video Doorbell 3 or 3 Plus - Wired Install,"Learn how to install Ring Video Doorbell 3 and Ring Video Doorbell 3 Plus without wiring to an existing doorbell system.

Need help with your Ring device? Visit https://support.ring.com 

Home security starts at the front door with Video Doorbell 3 ‚Äì our next-generation doorbell with added security features. Always know what‚Äôs happening, day or night. Customize your motion settings, including the added near motion zone, to focus on key areas. Enjoy a more reliable connection and faster alerts with enhanced dual-band WiFi. And control it all anytime, anywhere from the Ring app. With Video Doorbell 3, you‚Äôll be closer to home than ever before.

Build Your Ring of Security: https://shop.ring.com/pages/security-system 
Get Ring for your whole home: https://shop.ring.com
Tweet us at https://twitter.com/ring
See more Ring stories at https://facebook.com/ring
Follow us on https://instagram.com/ring
For the latest news and tips on home security, visit https://blog.ring.com

Ring provides effective, affordable whole-home security that works together to give you peace of mind. Upgrade your home security with Ring video doorbells, smart lighting, an alarm system and in 2021, an autonomously flying indoor security camera that gives you multiple viewpoints with one device. So no matter where you are, with Ring you‚Äôre always home. Check out the full line of Ring smart home security products at ring.com

#RingHelp #SecurityCamera #RingVideoDoorbell","['security cameras', 'home security system', 'security system', 'ring doorbell', 'doorbell cams', 'ring camera', 'wireless security camera', 'security camera system', 'wireless doorbell', 'Ring Alarm', 'ring doorbell 2', 'ring doorbell review', 'ring doorbell installation', 'security camera installation', 'video doorbell', 'ring video doorbell', 'ring video doorbell 3', 'home security', 'how to install ring', 'how to install ring video doorbell', 'how to install video doorbell', 'how to install security system']",['Science & Technology'],Ring,987553,3095,124,500000,20200414,0,,Education
202x360,56,Education,Marketing Strategies,Write this one thing in your email subject lines to get 40% open rates. #shorts,#email #emailmarketing #marketing #leads #sales,"['john', 'timmerman', 'email marketing', 'email profissional gmail', 'email marketing strategy', 'leads2b', 'leads marketing', 'marketing', 'digital marketing', 'sales', 'sales marketing interview', 'sales marketing', 'seo', 'performance marketing', 'business', 'leadsquared marketing automation']",['Education'],John Timmerman | Good Monster,95,5,1,311,20220721,0,,Education
640x360,604,Entertainment,Game Reviews,Forspoken after 100% Completion + Star Ocean The Divine Force PS5 First Impressions,"I think Forspoken's critique was incredibly unfair, leading the company to be bought by Square Enix. Let's talk about it after my 100% completion and Platinum Trophy. I've also started playing Star Ocean The Divine Force for the PlayStation 5.

SUPPORT THE CHANNEL: (including affiliate links)
Become a member on Youtube:  hit Join above.
Patreon: https://www.patreon.com/ircha
Nintendo eShop cards: http://irchagaming.com
Skull & Co. Switch grips: http://skullnco.com/IRCHA discount code ""IRCHA""
EpicLoot Jewelry: https://epiclootshop.com/?ref=f9ojLBA0 discount code ""IRCHA""

Discord: https://discord.gg/XmHmBMr
Podcast: http://youtube.com/diskydisk
Twitter: http://twitter.com/irchagaming
Instagram: http://instagram.com/irchagaming
Merch: https://ircha-gaming-merch.creator-spring.com
Facebook: https://facebook.com/irchagaming
Paypal: http://paypal.me/ircha
Email: irchagaming@gmail.com

00:00 Forspoken final verdict 
05:51 Star Ocean: The Divine Force

NINTENDO SWITCH REVIEWS:
Pok√©mon Scarlet and Violet: https://youtu.be/0gbyrBSowCM
Xenoblade Chronicles 3: https://youtu.be/lOBOVTe91EM
Fire Emblem Warriors Three Hopes: https://youtu.be/WmnNEQRU9Bg
Rune Factory 5: https://youtu.be/Dt-B6qSCbTw
Atelier Sophie 2: https://youtu.be/Gdqpt2wyaaQ
Pok√©mon Legends Arceus: https://youtu.be/aho8A8U1k48
Atelier Mysterious Trilogy: https://youtu.be/QB6MKKIX40M
Atelier Ryza 2: https://youtu.be/l3DSQi0ph4Y
Story of Seasons Pioneers of Olive Town: https://youtu.be/L2KC3H2fD_M
Dragon Quest Builders 2: https://youtu.be/fmdn0FQnsDM
Immortals Fenyx Rising: https://youtu.be/31aUuUH1VJg
Astral Chain: https://youtu.be/MD98Gt7-l6k
Xenoblade Chronicles DE: https://youtu.be/2K3xt2IuDmA
Ni No Kuni: https://youtu.be/k7D36xaqT3s
Atelier Ryza: https://youtu.be/41HyhbjgfRI
Graveyard Keeper: https://youtu.be/EMx5hbi5wUA
Dragon's Dogma: https://youtu.be/jz1keaHRHaQ

P.O.box:
""IRCHA GAMING""
Postboks 90
9481 Harstad
Norway

EQUIPMENT & EDITING:
Main camera: Canon 90D
Lens: Sigma 18-35mm f/1.8 DC HSM ART
Vlogging camera: Canon M50 Mark II
Audio: R√∏de VideoMicro
Software: Premiere Pro CC 2023
I edit everything myself.

#PlayStation5 #Forspoken #Gaming","['ircha gaming', 'nintendo switch', 'best switch games', 'gaming', 'best of switch eshop', 'awesome switch games', 'great switch games', 'what to play switch', 'addicting switch games', 'ircha', 'top switch games', 'buy or not', 'switch review', 'forspoken ps5', 'forspoken', 'forspoken review', 'star ocean the divine force', 'star ocean the divine force review', 'playstation 5', 'jrpgs', 'ps5 jrpgs', 'ps5 open world games', 'star ocean', 'Hogwarts legacy', 'square enix', 'forspoken cringe', 'star ocean the divine force gameplay']",['Gaming'],Ircha Gaming,38821,2251,468,103000,20230406,0,,Entertainment
480x360,35,Entertainment,Remixes,Prince Charles Remix,We're under the influence,"['Prince Charles', 'remix', 'rudetube', 'bbc', 'dubstep', 'influence']",['Comedy'],John Ferrier,1824,21,4,16,20130127,0,,Entertainment
640x360,183,Entertainment,Music Videos,[ÏßëÎ∞©Ï∫†][4K] Ìó®Î¶¨(HENRY) - ‚ÄòDance Monkey‚Äô+‚ÄòAttention‚Äô LIVE | ÎëêÏãúÌÉàÏ∂ú Ïª¨Ìà¨Ïáº | 201126,"ÏÑ§Î™ÖÏù¥ ÌïÑÏöî ÏóÜÎäî ÏùåÏïÖ Ï≤úÏû¨ Ìó®Î¶¨(HENRY)üéµ
‚ÄòÏßëÎ∞©Ï∫†‚ÄôÏù¥ Ìó®Î¶¨Î•º ÎßåÎÇòÏÑú Ï∂úÍµ¨ ÏóÜÎäî ÏòÅÏÉÅÏùÑ ÎßåÎì§Ïñ¥Î≤ÑÎ†∏Îã§...‚òÜ
Î≥∏Ïù∏ Í≥°Ï≤òÎüº ÏÜåÌôîÌï¥ Î≤ÑÎ¶∞ Ìó®Î¶¨Ïùò Î£®ÌîÑ Ïä§ÌÖåÏù¥ÏÖò ÎùºÏù¥Î∏å Í≥µÏó∞ÏùÑ Ï¶êÍ≤®Î≥¥ÏÑ∏ÏöîüëÄüëÇ

ÏóêÎùºÏò§ÏóêÏÑú ÏÑ†Î≥¥Ïù¥Îäî Ïù¥ ÏãúÍµ≠ ÏΩòÌÖêÏ∏†‚ú®
'Ïßë'ÏóêÏÑú Ï¶êÍ∏∞Îäî ÎùºÎîîÏò§ 'Î∞©'Ï≤≠ 1Ïó¥ 'Ï∫†'(CAM)üìπ = ÏßëÎ∞©Ï∫†
ÎùºÎîîÏò§ Î∞©Ï≤≠ ÏôÄÏÑú 1Ïó¥Ïóê ÏïâÏïÑ ÏûàÎäî ÎìØ Í≥†ÌôîÏßà ÎùºÏù¥Î∏å Í≥µÏó∞ÏùÑ Ï¶êÍ∏∞ÏÑ∏Ïöî!

üéº[LIVE] Ìó®Î¶¨(HENRY) - ‚ÄòDance Monkey‚Äô+‚ÄòAttention‚Äô

#Ìó®Î¶¨ #HENRY #DanceMonkey #Attention #LoopStation
#ÏßëÎ∞©Ï∫† #Ïª¨Ìà¨Ïáº #ÎëêÏãúÌÉàÏ∂úÏª¨Ìà¨Ïáº #ÎùºÏù¥Î∏å

SBS ÌååÏõåFM 107.7MHz
Îß§Ïùº ÎÇÆ 2Ïãú~4Ïãú ÎëêÏãúÌÉàÏ∂ú Ïª¨Ìà¨Ïáº
*2020ÎÖÑ 11Ïõî 26Ïùº* Î∞©ÏÜ°Ï§ë","['sbsÎùºÎîîÏò§', 'ÏóêÎùºÏò§', 'ÎùºÎîîÏò§', 'Î≥¥ÎäîÎùºÎîîÏò§', 'Ìó®Î¶¨', 'Henry', 'Ïª¨Ìà¨ÏáºÌó®Î¶¨', 'Ìó®Î¶¨ÎùºÎîîÏò§', 'DanceMonkey', 'ÎåÑÏä§Î™ΩÌÇ§', 'Ìó®Î¶¨ÎùºÏù¥Î∏å', 'Î£®ÌîÑÏä§ÌÖåÏù¥ÏÖò', 'radio']",['Music'],SBS Radio ÏóêÎùºÏò§,376302,0,487,1500000,20201126,0,,Entertainment
640x360,63,Entertainment,Film Trailers,[Animation] Murder Time Trio Hard mode Phase 4 Trailer. Made by ËÄÄËäØAsensen,"Animation made by @ËÄÄËäØAsensen
Animator : ËÄÄËäØAsensen
SpriteÔºöËÄÄËäØAsensen„ÄÅIsRei
MusicÔºöMizuki-Chan
Drawing software : Aseprite„ÄÅPhotoshop
Video making software : Adobe Premiere Pro

CC subtitles: @YanLobo8621 @Seldron333 

AU Author : https://www.youtube.com/@touken-kamui

Animator : https://space.bilibili.com/351217266
https://www.youtube.com/channel/UCnglfNBQPGa91MZUAJaX50g

Isrei : https://www.deviantart.com/isrei

Music : 
( Gaster Theme? ) - Made by Toby Fox ( https://youtu.be/bUqasUTHjkk?t=829 )
JIGOKUNOGOUKA  - Made by Mizuki-Chan ( https://youtu.be/bUqasUTHjkk?t=829 )","['Murder Time Trio Phase 4 Trailer Made by Asensen', 'Hard Mode', 'Sans', 'Undertale', 'Animation']",['Gaming'],YLb,121799,1859,228,13000,20230507,0,,Entertainment
640x360,233,Entertainment,Remixes,"Steel Twlvs & Hypotoria | It's Alright Remix | Luffy, Ace & Sabo Song | [OP]","Hey Guys!! Steels back at it with a REMIX!! Thanks to Hypotoria for allowing this to happen! Go Drop Him A Sub!! https://www.youtube.com/c/Hypotoria

Vocal Performance/Lyrics: Steel Twlvs, Hypotoria and Lvckii
-
Mixing & Mastering: Steel 
Twlvs
-
Instrumental Production: prod. ross gossage & sephgotthewaves
-
Video Editing: Eternal King
-
Links:
Lvckii- https://www.youtube.com/channel/UC4qp0UenSbpgAul2OQicLPw

Eternal King- https://www.youtube.com/c/EternalKingMusic

**Ignore**
#nerdcore #music #anime #fate #amv #mixing #flstudio20",['#RepNextGen'],['Music'],Steel Twlvs,2005,55,14,361,20220302,0,,Entertainment
480x272,90,Science & Technology,Space Missions,"Mission Control to ISS Astronaut 'Enjoy Your Impromptu Day Off'""",,"['US', 'word news', 'paris hilton', 'fedex', 'story', 'bbc news', 'cash', '2016', 'news today', 'abc news', 'dead', 'obama', 'apple', 'abc', 'weight', 'loss weight', 'boko', 'sarkozy', 'red karpet', 'white house', 'charlie', 'today', 'texas', 'new', 'OBAMA', 'president obama', 'president', 'erdogan', 'trend news', 'accident car', 'road', 'diet', '2015', 'paris', 'GMA', 'porno', 'kill', 'Mission', 'Control', 'to', 'ISS', 'Astronaut', ""'Enjoy"", 'Your', 'Impromptu', 'Day', ""Off'""]",['People & Blogs'],LittleFinger,5,1,0,667,20150115,0,,Science & Technology
640x360,393,Science & Technology,Chemistry,#Reducing #Reagents   #Sodium Triacetoxyborohydride #STAB and #Sodium Cynoborohydride #NaBH3CN,#Reducing #Reagents  #Sodium triacetoxyhydroborate #Sodium Triacetoxyborohydride #STAB and #Sodium Cynoborohydride #NaBH3CN,[],['Education'],Chemistry Study,217,32,0,1060,20221211,0,,Science & Technology
640x360,222,Science & Technology,Astronomy,"Flight to Gaia, the Hyades and out of our Milky Way","Switch on subtitles (CC) in English, German, Spanish, or Catalan! This is a video is  starting over Europe on April 25, 12:00 CEST, flying to Gaia, showing Gaia's scanning law over one year, showing the known open clusters, moving to the Hyades, letting the stars in the Hyades move over 500,000 years, moving back to the present time, moving through Gaia's star catalogue out of the Milky Way.

The video is based on Gaia's second star catalogue published on April 25, 2018 and was created with the program Gaia Sky.

Subtitles (CC) for a more detailed description are available in English, German, Spanish and Catalan.

Download of  Gaia Sky: https://zah.uni-heidelberg.de/gaia/ou...
Home page: https://zah.uni-heidelberg.de/gaia/ou...

Astronomisches Rechen-Institut - Univeristy of Heidelberg
http://ari.uni-heidelberg.de

With support by DLR und BMWi
http://www.dlr.de/
http://www.bmwi.de/
Category
Science & Technology
License
Creative Commons Attribution license (reuse allowed)
Category
Science & Technology
License","['Gaia', 'ESA', 'astrometry', 'Gaia Sky', 'Hyades', 'stars', 'astronomy', 'DPAC']",['Science & Technology'],Stefan Jordan,955,4,0,367,20180425,0,,Science & Technology
640x360,186,Science & Technology,Conservation Efforts,Cleaning a tiny 500-year-old embroidered book | In the Conservation Studio | British Library,"'You've got to make friends with the items before you can actually work on them.'

Watch our Textile Conservator Liz Rose work on a fascinatingly intricate embroidered book cover from the 16th century, preserving it for future use.

Find out more about our conservation: https://www.bl.uk/conservation
Your support makes this possible: bl.uk/support",[],['Education'],British Library,2232,97,5,75400,20230721,0,,Science & Technology
202x360,21,Science & Technology,Climate Change,One Earth: Earth,"Biodiversity is the spice of life üå∂ Here's (@)Phil The Fixer to show us how we can protect it!
Head to fossilfueltreaty.org to discover a way to play your part in #ClimateAction üí™  

#GenChange #OnlyOneEarth #fossilfuels #climatejustice #climatechange #climatecrisis 

SUBSCRIBE to MTV Shuga to watch the latest episodes and get correct information around sex education. all the behind info on what the cast are up to.

FOLLOW us so you never miss a beat. You can get MTV Shuga on the go.

http://www.mtvshuga.com
http://www.twitter.com/MTVShuga
http://www.facebook.com/MTVShuga
http://www.instagram.com/MTVShuga","['African Entertainment MTV Shuga Shuga MTV Shuga Naija Sex education', 'Birth control', 'Victim blaming', 'Teen pregnancy', 'Pull out method', 'Emergency pill', 'Unprotected sex', 'Infection', 'Honey and Banana', 'Timini Egubuson', 'Richard Mofe-Damijo', 'Adebukola Oladipupo', 'Dorcas Shola Fapson', 'Tobi Bakre', 'Omowunmi Dada', 'Uzamaka Aniunoh', 'Tomiwa Tegbe', 'Amal Umar', 'Sharon Jatto', 'Olumide Oworu', 'Emmanuel Ikubese', 'Nick Mutuma']",['Entertainment'],MTV Shuga,708,20,0,301000,20220601,0,,Science & Technology
626x360,410,Lifestyle,Recipe Videos,"Vendakka Moru Curry, Ladysfinger Yoghurt Curry, Okra curd curry","VENDAKKA MORU CURRY IN MALAYALAM, OKRA CURD CURRY.","['vendakka moru curry in malayalam', 'vendakka moru kulambu', 'vendakka curry malayalam recipe', 'vendakka curry in malayalam', 'vendakka', 'vendakkai', 'vendakkai kulambu', 'vendakka curry', 'vendakka recipe', 'vendakkai benefits', 'vendakka health benefits', 'vendakka curry kerala', 'vendakka curry recipe', 'easy vendakka curry recipe', 'vendakka items', 'vendakka malayalam', 'nadan vendakka curry laddu recipe in malayalam', 'cooking malayalam', 'palaharam recipe in malayalam', 'Valsala kitchen', 'Valsalas Kitchen']",['Howto & Style'],Valsala's Kitchen,32265,297,40,33400,20180911,0,,Lifestyle
270x480,48,Lifestyle,Fashion Hauls,The secrets behind the luxurious Goyard Mini Anjou Bagüëú,"Ready to unlock the secrets behind the luxurious Goyard Mini Anjou Bag? üëú

In this video, I will be sharing an exclusive review of this statement piece. From its celebrity appeal to its intricate craftsmanship, you'll get the inside scoop on all things Goyard. üëÄ 

Ready to uncover the secrets? Share your thoughts in the comments below!

DISCLAIMER: This is an UNSPONSORED review. I purchased all of these products myself and am not affiliated with the brand mentioned in any way. All statements and expressions made about the products are solely the opinion of Tanner Leatherstein and are not meant to be conclusive or definitive. The purpose of this video is for informational and educational purposes only. We recommend that as a consumer, you exercise your due diligence and research on the products before adopting the opinion of Tanner Leatherstein. 

---

#goyard #goyardbag #goyardtote #goyardwallet #goyardparis #goyardthailand #goyardph #goyardwalletthailand #goyardbags #goyardanjou #goyardanjoumini #goyardanjouthailand #anjou #minianjou #luxury #luxurybags #luxurylifestyle #luxurylife #luxurybrand #luxuryleather #luxuryleathergoods #luxuryleatherbags #tannerleatherstein #leather #leathershop #leathergoods #leatherworkshop #leatherstore #leatherbrand #fashion","['anjou mini bag', 'anjou mini goyard', 'anjou mini goyard review', 'anjou mini review', 'bag review', 'bag shopping', 'coated canvas', 'dissection', 'fashionpile', 'goyard', 'goyard anjou', 'goyard anjou mini', 'goyard bag', 'goyard bags', 'goyard paris', 'goyard review', 'goyard tote', 'goyard wallet', 'is it worth it', 'leather bag review', 'leather craft', 'leather goods', 'leathercraft', 'luxury', 'luxury bag', 'luxury bag collection', 'luxury bag unboxing', 'luxury brand review', 'luxury brands comparison', 'tanner leatherstein']",['Entertainment'],Tanner Leatherstein,161401,3843,100,412000,20240326,0,,Lifestyle
640x360,560,Lifestyle,Skincare Routines,Botox in a bottle? I put Revox Line Relaxer to the test - plus how it compares to argireline,"In this video I share my before and after results with Revision Skincare's Revox Line Relaxer, a peptide-based serum designed to relax facial wrinkles and hailed by some as Botox in a bottle. So does it work and how does it compare to cheaper products that promise similar results?
#wrinklereduction #wrinkletreatment #wrinkleremovercream 

SUBSCRIBE TO MY CHANNEL HERE https://www.youtube.com/c/TheHonestChannel?sub_confirmation=1
Connect with me on Instagram https://www.instagram.com/honestclare

PRODUCTS WITH ARGIRELINE:
Revision Skincare Revox Line Relaxer https://go.shopmy.us/p-949197
Cos De Baha Peptide Serum with similar ingredients and just $10!! https://go.shopmy.us/p-949202
Cos De Baha Serum on Amazon https://amzn.to/3XC1sKl
The Ordinary Argireline Solution https://go.shopmy.us/p-949195
Eclat Anti Wrinkle Cream https://amzn.to/3ZxpKXH

You can find links and, where possible, discount codes for some of my favourite anti-aging and beauty products at https://go.shopmy.us/TheHonestChannel

I use affiliate links on this channel which means if you choose to buy a product using one of my links I receive a small commission from the retailer - thank you! : )

CHAPTERS:
00:00 Intro
01:08 What's in Revox Line Relaxer and how does it work?
04:04 How does it compare to argireline?
05:06 My experience plus before and afters
06:43 My verdict

This video is not sponsored. You can find my commercial policy here https://www.youtube.com/@TheHonestChannel/about

https://twitter.com/ClareS_J
https://www.facebook.com/honestclare/ 
Edited by David at https://www.redfacilities.com",['argiriline'],['Howto & Style'],The Honest Channel,16073,619,124,87600,20230115,0,,Lifestyle
640x360,640,Lifestyle,Home Improvement,BIOHOME ULTIMATE - FILTER MEDIA DOES NOT GET ANY BETTER,"All the Biohome media can be bought here (I supply worldwide): 
http://www.filterpro.co.uk (also has links to other suppliers).
This media combines the ultra porous structure of Biohome mini ultra with the added trace elements found in Biohome plus to create the Ultimate filter media.

With the available surface area supporting aerobic bacteria and the protected inner core supporting anaerobic bacteria, ammonia, nitrite and nitrate are processed effectively. Works well at high and low flow rates so forget about having to force the volume of your aquarium through the media 'x' amount of times per hour as you would with other types of filter media.

Perfect for both fresh water and marine systems, biohome filter media will replace any ceramic or plastic media in external canister, overhead, trickle, shower, hang on or sump filters.

The added trace elements and open pore structure in Biohome Ultimate offer the ultimate home for all beneficial bacteria, cutting the time taken to establish a strong fully functional bacterial colony a matter of 2-3 weeks and include the following:
Silica, Titania, Alumina, Ferric Oxide, Lime, Magnesia, Potash, Soda, Phosphorus Pentoxide, Chromium Sesquioxide, Manganic Oxide, Zirconia, Hafnia, Zinc Oxide, Barium Oxide, Strontia, Stannic Oxide, Sulphur Trioxide. (from XRF analysis)
CHECK THOSE NAMES AGAINST THIS INFORMATION SITE FOR BACTERIAL GROWTH AND NUTRITION: 
http://textbookofbacteriology.net/nutgro.html

US Biohome Stockist - http://greatwaveeng.com
Any questions please contact Richard (Pondguru) 07772848730 
or sales@filterpro.co.uk

Filter media does not get any better than this but for an extra quick set-up time each order taken from Ebay or through the website has free gel filter starter balls (5 per kg) to rapidly seed the filter with live bacteria.
Forget about adding all sort of sachets and monthly chemical absorbers to your filter. Keep it simple and arrange the filter correctly with the best filter media available. 
Many of the filter products available are a waste of time and money and will simply mask the problems caused by an ineffective filter. See this video on setting up an external canister filter for directions on how to get the most out of your filter and have it working at maximum efficiency:  
http://www.youtube.com/watch?v=szrUlHTW5Zo
Simply protect the media with good graded foams and fine particle matting / pad to remove suspended solids (which clog any filter media) and your media will give you years of service.
The test in this video is to demonstrate how easily the water can find the inner structure of the media as you can say your media has the largest available area for bacteria but if the water can't get there what is the point?. It is not part of a full comparison between filter different medias. That will come in a future video.
Thanks for watching and check out my other videos.
Subscribe for more:
http://www.youtube.com/pondguru

Additional aquatic tags:
pondguru, tyne valley aquatics, tropical fish for sale, mail order tropical fish, how to build a koi pond, how to make a wildlife pond, how to make a diy filter, how to set up an aquarium, how to light a fire, rabbit shooting guide, how to build an aquarium, how to set up a mbuna tank, how to clean an aquarium, how to build an igloo, tropical fish, koi carp for sale, newcastle, durham, gateshead, sunderland, carlisle, leeds, nottingham, manchester, london, scotland, .17hmr, .22, bushcraft, how to breed tropical fish, cascade, stream, oase, aquamax, filtoclear, corydoras, caridina, angelfish, discus, plec, pleco, tetra, guppy, swordtail, platy, electric blue ram, how to make a fish pond, planted tank, shrimp tank, apistogramma, clown loach, goldfish, air pump, moving bed filter, K1, cichlid, oscar, piranha, waterfall, landscaping, hoselock, natural stone pond, raised, breeding fish, blue, red, green, monster, giant, livebearer, malawi cichlids, tanganyikan cichlids, snake, newt, frog, toad, aqua one, aquarium maintenance, how to breed discus, beach detecting, fish tank, diy filter, for aquarium, how to build a fish tank, 100, 200, 300, 400, 500, 600, litre, gallon, monster, huge, massive, biggest, oscar eats, piranha eats, arowana eats, howto, how to set up an aquarium, installing filtration, make a 3d background, freshwater aquarium, saltwater aquarium, marine tank, blackwater, breeding, set up, step by step, build, sump, tank filtration, overhead, external, efficient, best, homemade, home made, bottomless aquarium, construction of a, community species, community fish, cichlids, reef, nano tank, micro, shrimp, crab, algae eater","['biohome ultimate', 'biohome', 'biohome vs matrix', 'matrix vs biohome', 'biohome filter media', 'biohome filter', 'biogravel', 'tropical fish', 'pondguru', 'planted tank', 'trickle filter aquarium', 'aquarium trickle filter', 'how to make an aquarium filter', 'marine filter', 'shower filter', 'diy filter media', 'moving bed filter', 'diy aquarium filter', 'community aquarium', 'aquarium videos', 'how to build a fish pond', 'fishing', 'best filter media', 'canister filter', 'koi filter', 'how to set up a canister filter', 'plec']",['Pets & Animals'],Pondguru,105538,965,667,151000,20130902,0,,Lifestyle
640x360,443,Lifestyle,Home Improvement,EMPTY APARTMENT TOUR | NEWLY RENOVATED TORONTO LOFT | getawei,"Welcome to my new loft apartment! This is probably the most exciting video (for me LOL) because it was such a huge milestone for me last year. I bought (with my parents) an apartment in downtown Toronto and I also go the chance to renovate the entire unit and I‚Äôm super excited to show you guys :) 

Love,
Lisa

https://www.instagram.com/getawei
https://www.getawei.com

I‚Äôve included the links of everything that I‚Äôve purchased to complete my renovations. Please see them below:

BATHROOM:

- Moen Gold Toilet Paper Holder: https://go.magik.ly/ml/to87/
- Moen Gold Sink Faucet: https://go.magik.ly/ml/to89/
- Ikea Bathroom Vanity (GODMORGON; for some reason the colour/style looks different. maybe my exact one was discontinued): https://www.ikea.com/ca/en/p/godmorgon-odensvik-bathroom-vanity-brown-stained-ash-effect-dalskaer-faucet-s69305188/
- Gold Mirror: https://go.magik.ly/ml/to8b/
- Ikea Wall Lights: (can‚Äôt find exact link anymore either‚Ä¶)
- Shelves: https://go.magik.ly/ml/to8c/
- Sink & Tub: from TUBS Markham
- Toilet: COSTCO, baby!!! 

KITCHEN:

- Cabinet Handles (this style in two different sizes): https://go.magik.ly/ml/to8d/
- SINK FAUCET (i‚Äôm actually obsessed with this): https://go.magik.ly/ml/to8f/
- Kitchen Sink: Costco

LIVING ROOM:
- Gold Light: https://go.magik.ly/ml/to8i/

BEDROOM:
- Chandiler: https://go.magik.ly/ml/to8g/

Video filmed by Leslie Seto
Check out his Instagram! https://www.instagram.com/setography/
Check out his website! http://www.setography.com/

ENDY DISCOUNT: WEI50 FOR $50 OFF YOUR PURCHASE!!!

WHAT I‚ÄôM WEARING:

Pants: Aritzia White Cohen Pants https://www.aritzia.com/en/product/cohen-pant-terado/43443.html?dwvar_43443_color=1274
Top: Aritzia Hasek Blouse https://www.aritzia.com/en/product/hasek-blouse/74826.html

This video is not sponsored (product for Endy was gifted). Some links may be affiliate.
See you in my next video ;) 

Keep up with me on Instagram! www.instagram.com/getawei

--------
***DISCOUNTS & HOOKUPS ;)***

MEJURI 10% OFF:
https://mejurifinecrew.sjv.io/NKz97v

VERB HAIR PRODUCTS 15% OFF:
http://bit.ly/2Xwy1xW

$50 OFF ENDY MATTRESS WITH CODE:
WEI50
https://endy-sleep-ca.evyy.net/96ovy

SHEERTEX
https://glnk.io/4rj4/getawei
Code: GETAWEI10

GOLI GUMMY BEARS 5% OFF
https://go.goli.com/getawei
Code: getawei

MY MUST-HAVE AMAZON ITEMS: 
https://www.amazon.com/shop/getawei

--------

FOLLOW ME!
Instagram ---- https://www.instagram.com/getawei
Facebook ---- @getawei.blog
Blog ---- https://www.getawei.com
Business Inquiries ---- getawei.blog@gmail.com

--------

Disclosure: links are affiliates

THANK YOU FOR WATCHING!Facebook ---- @getawei.blog
Blog ---- www.getawei.com
Business Inquiries ---- getawei.blog@gmail.com

--------

MUSIC:
Music provided by Vlog No Copyright Music.


THANK YOU FOR WATCHING!","['inspo', 'fashion inspo', 'toronto', 'vancouver', 'fashion', 'fashion blogger', 'canadian', 'outfits', 'comfortable outfits', 'comfy outfits', 'stylish outfits', '2017 trends', '2017 outfits', 'fall 2017 outfits', 'aritzia', 'myaritzia', 'forever 21', 'garage', 'clothing', 'stylish', 'blogger']",['Howto & Style'],Lisa Wei,119328,3052,157,21700,20200122,0,,Lifestyle
640x360,268,Sports,Career Highlights,Life at the Academy - Queensland Police Service,"A career in policing offers a unique blend of excitement, learning, and the opportunity to positively influence the community. There is no better time to join the Queensland Police Service.

Visit https://www.policerecruit.qld.gov.au/ to take the first step towards a challenging and rewarding career and apply now.","['qps', 'queensland police service', 'queensland police', 'qld police', 'qld', 'queensland', 'police', 'cop', 'cops']",['News & Politics'],QueenslandPolice,18366,0,0,11000,20230921,0,,Sports
640x360,251,Sports,Career Highlights,Kerry Mills | Trainer Assessor,A day in the life of one of our Trainer Assessors. Find out more about working for Interserve Learning & Employment here - https://learning-employment.com/work-for-us/,"['Interserve', 'employment', 'skills', 'apprenticeship', 'training']",['Education'],Interserve Learning & Employment,892,7,0,324,20170223,0,,Sports
270x480,31,Sports,Career Highlights,Piccadilly Talks Ep 2 Gem,"As our host @always_anglq stated, you can visit the #OEC to get career advice & more. Find out about us when you watch EP2 of #PiccadillyTalks on our YouTube channel. Link in our bio! All episodes are available.

Stay tuned for Season 2 #comingsoon #Subscribe #Comment #Share",[],['People & Blogs'],Overseas Exams,39,5,0,32500,20231213,0,,Sports
526x360,406,Sports,Sports Talk Shows,Wasim Akram PHENOMENAL Bowling Spell VS India KOLKATA 1999 + Short Interview,"#WasimAkram #Pakistan #India 
2nd Channel: https://m.youtube.com/channel/UCLjBF328Yp3FI3m2zpsyl8w/videos",[],['Sports'],Pakcricket101,345761,2344,261,22100,20210713,0,,Sports
640x360,614,Sports,Analysis Shows,10 Golden State Warriors Players You Forgot Played For Them,"Here are 10 Golden State Warriors players you may have NEVER known about or maybe FORGOT played with the dubs.

SUBSCRIBE TO MY CHANNEL! 
‚óè https://www.youtube.com/c/NickSmithNBA

Follow Me on Social Media!
‚óè Instagram: https://instagram.com/aaron_tenen
‚óè Twitter: https://twitter.com/nicksmith71218





""Copyright Disclaimer Under Section 107 of the Copyright Act 1976, allowance is made for ""fair use"" for purposes such as criticism, comment, news reporting, teaching, scholarship, and research. Fair use is a use permitted by copyright statute that might otherwise be infringing. Non-profit, educational or personal use tips the balance in favor of fair use.""


I post weekly NBA videos, including NBA History, current NBA topics (Free Agent news/ Trade talk etc), we talk about NBA conspiracies, we post NBA What If scenarios and so much more! If YOU want anything NBA related, be sure to hit me up! Leave me Feedback of any kind! Messages, Comments, and Everyone who supports me by doing these and checking out my videos is very much appreciated!

‚ô´Music By Michael Rozario ‚ô´
‚óè Soundcloud - https://soundcloud.com/prodbyrozie
‚óè IG + Twitter: @prodbyrozie
¬≠¬≠___

Hip Hop Rap Instrumental (Crying Over You) by Chris Morrow 4 https://soundcloud.com/chris-morrow-3
Creative Commons ‚Äî Attribution 3.0 Unported‚Äî CC BY 3.0 
http://creativecommons.org/licenses/b...
¬≠¬≠___","['NBA', '10 Golden State Warriors Players You NEVER Knew Or FORGOT', 'GOLDEN STATE WARRIORS', 'golden state warriors finals', 'kevin durant', 'steph curry', 'mugsy bouges warriors', 'chris webber warriors', 'golden state warriors history', 'Golden State Warriors Players You NEVER Knew Or FORGOT', 'facts about golden state warriors', 'golden state warriors quiz', 'golden state warriors 2019 nba finals', 'warriors nba finals', 'warriors nba championship']",['Sports'],Nick Smith NBA,12576,438,81,536000,20190612,0,,Sports
640x360,561,News & Politics,Political Commentary,"Prophet Kofi Oduro M0CKS Nigel Gaisie, Rev Owusu Bempah and others over 31st night Prophecies","Please Subscribe to One Ghana TV https://goo.gl/8Tskho 
Whatsapp Line - 00233554399031
Download Taptap Send No fee money transfer from Europe to Ghana.
-Bank Account
-Mobile Money

Use promo code: ONEGHANA for free ¬£5/‚Ç¨5/$10 on your first transaction.
https://taptapsend.page.link/Ghana

Available in UK üá¨üáß, Spain üá™üá∏, Italy, France üá≥üá± , Germany üá©üá™, Netherlands üáæüá™ and Belgium üáßüá™, USA and Canada


One Love Ghana TV TV https://goo.gl/8Tskho 

EMAIL: oneloveghana0@gmail.com 

Facebook: https://web.facebook.com/One-Ghana-TV-388470221537343/ Watch One Ghana Tv. 

#OneGhanaTV #Ghana #OneLoveGhanaTV #KennedyAgyapong #Anas #GhanaLatestNews #GhanaEntertainment #Ghanapolitics","['ghana', 'ghpage', 'one ghana', 'one ghana tv', 'Ghana news', 'Ghana entertainment', 'Ghana celebs', 'Ghana trending news', 'Adom tv', 'utv', 'myjoyonline tv', 'magraheb', 'stonebwoy', 'shatta wale', 'sarkodie', 'kennedy agyapong', 'afia schwarzenneger', 'kwaku manu', 'lilwin', ""What Don't You Know"", 'Nana Ama McBrown', 'Akrobeto', 'ghana movies', 'emelia brobbey', 'kwadwo nkansah', 'ghana page one ghana tv']",['News & Politics'],ONE GHANA TV,115734,1163,179,619000,20220103,0,,News & Politics
416x236,71,News & Politics,World News,Japan is Sinking MORE & Expected to sink MORE Fukushima update 12/17/12,"If you think the triple meltdown (plus SFP #4) at Fukushima Daiichi is a big deal, check this out! 
Nuclear Armageddon is a real possibility.  

Quake-caused subsidence spreads

The Environment Ministry says nearly 6,000 square kilometers of land across Japan have subsided by more than 2 centimeters in the last fiscal year.

The figure is about 1,000 times greater than in the previous fiscal year that ended March last year, and the largest-ever since records began in 1978.

Municipal organizations that extract underground water assess land subsidence on a regular basis.

About half the 30 tested areas in 20 prefectures were recorded as sinking more than 2 centimeters. This level is judged to have a potential impact on buildings' stability.

The ministry says Kesennuma in Miyagi Prefecture sank deepest by 73.8 centimeters, followed by Ichikawa in Chiba by 30.9 centimeters. Tsukuba in Ibaraki sank by 15.2 centimeters.

Seven areas subsided by more than 10 centimeters. These lie in Tohoku, and in the Kanto region that includes Tokyo.

The ministry officials say the subsidence is attributable to last year's March 11th earthquake. They have expressed concerns over the spread of subsidence and further damage to buildings.
http://www3.nhk.or.jp/daily/english/20121218_05.html
Dec. 17, 2012 - Updated 23:08 UTC (08:08 JST)


CHERNOBYL Consequences of the Catastrophe for People and the Environment
By A.Yablokov, V. Nesterenko, A. Nesterenko --
http://www.scribd.com/doc/62503047/Yablokov-Nesterenko-and-Nesterenko-2009-Ann-NY-AS-Vol-1811


FAIR USE NOTICE: Any copyrighted (¬©) material is made available to advance understanding of ecological, political, human rights, economic, democracy, scientific, moral, ethical, and social justice issues, which constitutes a 'fair use' of any such copyrighted material as provided for in section 107 of the US Copyright Law.


See also:
Arnie Gundersen/Fairewinds Associates:
http://www.fairewinds.com/
http://www.youtube.com/user/fairewindsenergy
in Japanese: http://www.fairewinds.com/ja

Nuclear Regulatory Commission daily reports (what's happening at nuclear plants near you):
http://www.nrc.gov/reading-rm/doc-collections/event-status/event/2012/

Union of Concerned Scientists (watchdog over NRC):
http://www.ucsusa.org/nuclear_power/

IAEA on Fukushima:
http://www.iaea.org/newscenter/focus/fukushima/

Fukushima links (Fukushima Daiichi live and a youtube compressed version):
http://www.tepco.co.jp/en/nu/f1-np/camera/index-e.html
http://lucaswhitefieldhixson.com/lucaswebcamwatch.html
http://www.youtube.com/user/fuku1live
http://atmc.jp/fuku1/#v=C4Xfo23IBaM
http://www.tepco.co.jp/nu/f1-np/camera/index-j.html
http://www.tepco.co.jp/en/news/110311/
TEPCO PRESS RELEASES DIRECTLY FROM TEPCO
http://www.tepco.co.jp/en/press/corp-com/release/index-e.html
Radiation measured in water and air at Fukushima plant:
http://www9.nhk.or.jp/kabun-blog/500/
Daily food random testing results (Japanese only)
http://www.maff.go.jp/noutiku_eikyo/mhlw3.html
http://cryptome.org/eyeball/daiichi-npp/daiichi-photos.htm

Fukushima Timeline / Enformable:
http://enformable.com/timeline/fukushima.html

JP Government released radiation map:
http://ramap.jaea.go.jp/map/agreement.html


Norway Radiation Monitoring:
http://radnett.nrpa.no/?doc=
Radiation Monitoring in Europe:
http://eurdepweb.jrc.ec.europa.eu/PublicEurdepMap/Default.aspx


Weather (radiation flow) from Fukushima:
http://www.stormsurfing.com/cgi/display_alt.cgi?a=glob_250
http://www.meteocentrale.ch/en/weather/weather-extra/weather-in-japan.html
http://zardoz.nilu.no/~flexpart/fpinteractive/plots/?C=M;O=D
http://www.atmos.washington.edu/~ovens/loops/wxloop.cgi?wv_east+%2F24h%2F

Dr. Helen Caldicott's website:
http://ifyoulovethisplanet.org

Nuclear News and Updates:

http://ex-skf.blogspot.com/2011/04/fukushima-i-nuke-plant-japan-nuclear.html
http://enenews.com/
http://australiancannonball.com/
http://fukushima-diary.com/
http://fukushimaupdate.com/
http://nukefree.org/
http://www.llrc.org/
http://enformable.com/
http://radioactive.eu.com/
http://masterofmanythings.com/radiation_updates.html
http://www.scoop.it/t/nuclear-news-what-the-physics
http://blog.safecast.org/
http://www.nuc.berkeley.edu/UCBAirSampling
http://www.enviroreporter.com/
http://fukushimaemergencywhatcanwedo.blogspot.com/2011/09/nuclear-expert-says...
http://enformable.com/2011/09/nuclear-experts-say-fukushima-is-turning-out-to...
http://www.nuclearhealth.org/
http://japanfocus.org/-Say_Peace-Project/3549
http://changeagents2011.wordpress.com/
http://robertsingleton.wordpress.com/
http://www.nirs.org/reactorwatch/accidents/Fukushimafactsheet.pdf


FAIR USE NOTICE: Any copyrighted (¬©) material is made available to advance understanding of ecological, political, human rights, economic, democracy, scientific, moral, ethical, and social justice issues, which constitutes a 'fair use' of any such copyrighted material as provided for in section 107 of the US Copyright Law.","['fukushima daiichi', 'earthquake', 'apocalypse', 'japan', 'japanese', 'tsunami', 'subductin zone', 'liquifaction', 'pacific ocean', 'fault line', 'tremmor', 'sink', 'building structure weak', 'collapse', 'radioactive fallout', 'contamination', 'dna changes', 'geology', 'trench', 'explosion', 'loss of ultimate sink', 'iaea', 'nrc', 'foia documents', 'nuclear power plant', 'npp', 'atomic energy', 'tepco', 'tokyo electric power company']",['Nonprofits & Activism'],MsMilkytheclown1,22559,74,15,11300,20121218,0,,News & Politics
640x360,317,News & Politics,Political Interviews,Rep. Cox at Examining DOI Spending Priorities and the President‚Äôs FY2021 Budget Proposal Hearing.,"On Wednesday March 4th, Rep. TJ Cox questioned Assistant Secretary of Policy, Management, and Budget, Susan Combs on the Department of the Interior‚Äôs spending priorities and the President Trump‚Äôs fiscal year 2021 budget proposal.","['Congress', 'Committee on Natural Resources']",['News & Politics'],Rep. TJ Cox,31,0,0,32,20200309,0,,News & Politics
640x360,118,News & Politics,Editorials,Newsflash Appetizer: Channel Page Layout Experiment on Mobile and Description Text Update!,"Hello Insiders! Today we're back with a short Newsflash covering a launch and an experiment.

Check it out and leave us your comments and questions below!

Chapters:
0:00 Intro
0:20 [Launch] Description Text Update
1:10 [Experiment] Channel Page Layout on Mobile
-------------------------------------------

üîç MORE GREAT RESOURCES FOR CREATORS üîé

Want to be considered to help us build a better YouTube please sign up here: 
https://www.youtube.com/creatorresearch/?referral_code=CreatorInsider

Creator Insider Japan https://www.youtube.com/channel/UC8Y7Mqtw56UOzYd5MYDtiyQ/

We have 2 official YouTube channels that will also be helpful. Check them out! 

‚û° YouTube Creators: https://www.youtube.com/user/creatoracademy

‚û° TeamYouTube: https://www.youtube.com/user/YouTubeHelp

-------------------------------------------

üëïüëöSWAG üéΩ‚òï

Check out our merch here: https://teespring.com/stores/creatorinsider

100% of the proceeds automatically support Red Cross

-------------------------------------------
Please note CI does not provide support - to find the appropriate resource for your question, please check out our Resources video: https://www.youtube.com/watch?v=sGm8dCs70bw

Remember, by commenting here or submitting Unlisted video links to email aliases associated with the channel, your comments, videos and username may be used in an upcoming video.

Creator Insider is an informal YouTube channel to share information from the YouTube Creator technical team with the wider Creator community. We will feature different people talking about the products they work on and changes we are making so you have more context. Please note this is not an official YouTube channel and is an experiment.","['Creator Insider', 'creatorinsider', 'youtubeinsider', 'youtubenews', 'creatorstudio']",['Education'],Creator Insider,7542,486,192,688000,20210824,0,,News & Politics
640x360,453,News & Politics,Celebrity Interviews,Celebrity DR*G Addict CONVERTS To ISLAM (Islam Is Taking Over The MAIN STREAM!),"#Islam #christianity #quran 

British chef, restaurateur and television personality Marco Pierre White‚Äôs son has converted to Islam to stay off heroin, the Daily Mail reported.

28-year-old Marco Pierre White Junior, in August 2022, pleaded guilty to 14 offences of shoplifting, knife possession, heroin possession, and racially aggravated public order offences.

He was sentenced to eleven months in prison, with a 32-week suspended jail sentence previously to be run consecutively.
But now the former reality star‚Äî Big Brother, has been released from prison and claims he has sworn never to touch drugs again.

Marco Jr struggled with drug addiction since he was just 13, and has been in and out of rehab a total of 17 times.

White Jr‚Äôs conversion to Islam has reportedly been supported by his father.

‚ÄúMore than $1 million has been wasted because of my addictions. But Islam has helped me get through everything,‚Äù he said in an interview with MailOnline. ‚ÄúI have been in rehab 17 times and being in prison has made me realize that enough is enough,‚Äù he added.


God bless!

Consider Supporting by becoming a Member!

Members:
https://www.patreon.com/BobbysPerspective
https://www.subscribestar.com/bobby-s-perspective

GRASSLAND NUTRITION 10% OFF with code "" bobby10""
https://www.grasslandnutrition.net/?ref=12

NEW MERCH:
https://bobbys-perspective.creator-spring.com/listing/aaaaaaaaaaalllright-guys

Use my referral link https://crypto.com/app/rayzxvkp5v to sign up for Crypto.com and we both get $25 USD :) 
The CODE IS: rayzxvkp5v
üíµüíµüíµüíµüíµüíµüíµüíµüíµüíµüíµüíµüíµüíµ

Donate to my Crypto Wallet via paystring:
bobbysperspective$paystring.crypto.com
Donate via Stream Labs : 
https://streamlabs.com/bobbytheprototype
Donate via PayPal :
marina.ristovska@gmx.de

Contact:
bobbyristo2.0@gmail.com
talk2bobbyristo@gmail.com
https://www.facebook.com/bobby.yesss
https://www.instagram.com/bobbys.perspective/

Bobby's Perspective DISCORD: https://discord.gg/JN7qSgX
Bobby's Perspective TELEGRAM:  https://t.me/Bobbysperspective

SECOND CHANNEL: https://www.youtube.com/channel/UC5Jexm4ATzbTm_OpATlpdMg

Ban Rumble Phase 2 What Is Tate's Phase 2 Emergency Meeting Who Is Andrew Tate Tates Return Tate Support Tate Reacts To Mom G The Based Grandma Reacts To Tate Funniest Moments Tate Wild Takes TateConfidential TateSpeech Tates Final Speech Money Cars Hustle Motivation Grind Stocks AlphaTate Entrepreneur FinancialFreedom Biz Business Sneako Top G Manifestation Bugatti Rich Alpha Male Finance Andrew Tate Millionaire Young G Inspiration Make Money TikTok Yung G Side Hustle Sonny Fazio HU Hustlers University Sneako Funny Moments Tristan Tate Andrew Tate‚Äôs Brother TateSpeech Tate Ban Reaction To Tate","['christian reacts to quran', 'Christian reacts to Islam', 'Christianity', 'Islam', 'Christian Reverts to islam', 'Christian reacts to quran recitation', 'Quran', 'christian reacts to quran verses about jesus', 'quran is changed', 'proof of the quran', 'quran is real', 'David Wood', 'Apostate Prophet', 'Mohammed', 'pbuh', 'Ex Muslim', 'Ex Christian', 'Amazing Quran Recitation', 'Rational Believer', 'Does God exist?', 'Is God real?', 'Marco Pierre White Jailed Son', 'Marco Pierre White', 'Big Brother']",['People & Blogs'],Bobby's Perspective,89795,4776,576,350000,20230306,0,,News & Politics
